Author,Feature,Model,Accuracy,Precision,Recall,F1
AAltan,BERT,DecisionTree,0.25416666666666665,0.16666666666666666,0.125,0.14285714285714285
AAltan,BERT,MLP,0.6041666666666666,0.7272727272727273,1.0,0.8421052631578947
AAltan,BERT,RandomForest,0.5083333333333333,0.23809523809523808,0.625,0.3448275862068966
AAltan,BERT,SVM,0.4125,0.20689655172413793,0.75,0.32432432432432434
AAltan,BERT,XGBoost,0.4791666666666667,1.0,0.5,0.6666666666666666
AAltan,TFIDF_Char_2gram,DecisionTree,0.6666666666666666,0.7142857142857143,0.625,0.6666666666666666
AAltan,TFIDF_Char_2gram,MLP,0.9083333333333333,1.0,1.0,1.0
AAltan,TFIDF_Char_2gram,NaiveBayes,0.6708333333333333,1.0,1.0,1.0
AAltan,TFIDF_Char_2gram,RandomForest,0.8666666666666667,0.6666666666666666,1.0,0.8
AAltan,TFIDF_Char_2gram,SVM,0.9,0.8888888888888888,1.0,0.9411764705882353
AAltan,TFIDF_Char_2gram,XGBoost,0.8708333333333333,0.8888888888888888,1.0,0.9411764705882353
AAltan,TFIDF_Char_3gram,DecisionTree,0.5,0.3,0.375,0.3333333333333333
AAltan,TFIDF_Char_3gram,MLP,0.9083333333333333,0.8,1.0,0.8888888888888888
AAltan,TFIDF_Char_3gram,NaiveBayes,0.6291666666666667,1.0,0.625,0.7692307692307693
AAltan,TFIDF_Char_3gram,RandomForest,0.8958333333333334,0.5714285714285714,1.0,0.7272727272727273
AAltan,TFIDF_Char_3gram,SVM,0.8958333333333334,1.0,1.0,1.0
AAltan,TFIDF_Char_3gram,XGBoost,0.825,0.6363636363636364,0.875,0.7368421052631579
AAltan,TFIDF_Word_2gram,DecisionTree,0.2125,0.14285714285714285,0.125,0.13333333333333333
AAltan,TFIDF_Word_2gram,MLP,0.5708333333333333,0.5833333333333334,0.875,0.7
AAltan,TFIDF_Word_2gram,NaiveBayes,0.5708333333333333,0.6363636363636364,0.875,0.7368421052631579
AAltan,TFIDF_Word_2gram,RandomForest,0.45,0.8333333333333334,0.625,0.7142857142857143
AAltan,TFIDF_Word_2gram,SVM,0.5333333333333333,0.8571428571428571,0.75,0.8
AAltan,TFIDF_Word_2gram,XGBoost,0.425,0.5,0.75,0.6
AAltan,TFIDF_Word_3gram,DecisionTree,0.16666666666666666,0.5,0.25,0.3333333333333333
AAltan,TFIDF_Word_3gram,MLP,0.275,0.5,0.25,0.3333333333333333
AAltan,TFIDF_Word_3gram,NaiveBayes,0.30833333333333335,0.2,0.5,0.2857142857142857
AAltan,TFIDF_Word_3gram,RandomForest,0.2625,0.6666666666666666,0.25,0.36363636363636365
AAltan,TFIDF_Word_3gram,SVM,0.3125,0.36363636363636365,0.5,0.42105263157894735
AAltan,TFIDF_Word_3gram,XGBoost,0.19166666666666668,0.3,0.375,0.3333333333333333
AAydintasbas,BERT,DecisionTree,0.25416666666666665,0.09090909090909091,0.125,0.10526315789473684
AAydintasbas,BERT,MLP,0.6041666666666666,0.3333333333333333,0.375,0.35294117647058826
AAydintasbas,BERT,RandomForest,0.5083333333333333,0.4,0.5,0.4444444444444444
AAydintasbas,BERT,SVM,0.4125,0.3333333333333333,0.125,0.18181818181818182
AAydintasbas,BERT,XGBoost,0.4791666666666667,0.15789473684210525,0.375,0.2222222222222222
AAydintasbas,TFIDF_Char_2gram,DecisionTree,0.6666666666666666,0.4,0.5,0.4444444444444444
AAydintasbas,TFIDF_Char_2gram,MLP,0.9083333333333333,1.0,1.0,1.0
AAydintasbas,TFIDF_Char_2gram,NaiveBayes,0.6708333333333333,1.0,0.875,0.9333333333333333
AAydintasbas,TFIDF_Char_2gram,RandomForest,0.8666666666666667,1.0,0.875,0.9333333333333333
AAydintasbas,TFIDF_Char_2gram,SVM,0.9,0.875,0.875,0.875
AAydintasbas,TFIDF_Char_2gram,XGBoost,0.8708333333333333,1.0,0.875,0.9333333333333333
AAydintasbas,TFIDF_Char_3gram,DecisionTree,0.5,0.3333333333333333,0.25,0.2857142857142857
AAydintasbas,TFIDF_Char_3gram,MLP,0.9083333333333333,0.7777777777777778,0.875,0.8235294117647058
AAydintasbas,TFIDF_Char_3gram,NaiveBayes,0.6291666666666667,0.8571428571428571,0.75,0.8
AAydintasbas,TFIDF_Char_3gram,RandomForest,0.8958333333333334,1.0,0.75,0.8571428571428571
AAydintasbas,TFIDF_Char_3gram,SVM,0.8958333333333334,0.75,0.75,0.75
AAydintasbas,TFIDF_Char_3gram,XGBoost,0.825,0.625,0.625,0.625
AAydintasbas,TFIDF_Word_2gram,DecisionTree,0.2125,0.3333333333333333,0.25,0.2857142857142857
AAydintasbas,TFIDF_Word_2gram,MLP,0.5708333333333333,0.4375,0.875,0.5833333333333334
AAydintasbas,TFIDF_Word_2gram,NaiveBayes,0.5708333333333333,0.42857142857142855,0.75,0.5454545454545454
AAydintasbas,TFIDF_Word_2gram,RandomForest,0.45,0.4166666666666667,0.625,0.5
AAydintasbas,TFIDF_Word_2gram,SVM,0.5333333333333333,0.5,0.625,0.5555555555555556
AAydintasbas,TFIDF_Word_2gram,XGBoost,0.425,0.375,0.375,0.375
AAydintasbas,TFIDF_Word_3gram,DecisionTree,0.16666666666666666,0.2222222222222222,0.25,0.23529411764705882
AAydintasbas,TFIDF_Word_3gram,MLP,0.275,0.75,0.375,0.5
AAydintasbas,TFIDF_Word_3gram,NaiveBayes,0.30833333333333335,0.2857142857142857,0.5,0.36363636363636365
AAydintasbas,TFIDF_Word_3gram,RandomForest,0.2625,0.45454545454545453,0.625,0.5263157894736842
AAydintasbas,TFIDF_Word_3gram,SVM,0.3125,0.36363636363636365,0.5,0.42105263157894735
AAydintasbas,TFIDF_Word_3gram,XGBoost,0.19166666666666668,0.4,0.25,0.3076923076923077
AHakan,BERT,DecisionTree,0.25416666666666665,0.3333333333333333,0.625,0.43478260869565216
AHakan,BERT,MLP,0.6041666666666666,0.8,0.5,0.6153846153846154
AHakan,BERT,RandomForest,0.5083333333333333,0.8571428571428571,0.75,0.8
AHakan,BERT,SVM,0.4125,0.5,0.375,0.42857142857142855
AHakan,BERT,XGBoost,0.4791666666666667,0.3333333333333333,0.25,0.2857142857142857
AHakan,TFIDF_Char_2gram,DecisionTree,0.6666666666666666,0.8,1.0,0.8888888888888888
AHakan,TFIDF_Char_2gram,MLP,0.9083333333333333,1.0,1.0,1.0
AHakan,TFIDF_Char_2gram,NaiveBayes,0.6708333333333333,0.5833333333333334,0.875,0.7
AHakan,TFIDF_Char_2gram,RandomForest,0.8666666666666667,1.0,1.0,1.0
AHakan,TFIDF_Char_2gram,SVM,0.9,0.8888888888888888,1.0,0.9411764705882353
AHakan,TFIDF_Char_2gram,XGBoost,0.8708333333333333,0.875,0.875,0.875
AHakan,TFIDF_Char_3gram,DecisionTree,0.5,1.0,0.625,0.7692307692307693
AHakan,TFIDF_Char_3gram,MLP,0.9083333333333333,1.0,1.0,1.0
AHakan,TFIDF_Char_3gram,NaiveBayes,0.6291666666666667,1.0,0.875,0.9333333333333333
AHakan,TFIDF_Char_3gram,RandomForest,0.8958333333333334,1.0,1.0,1.0
AHakan,TFIDF_Char_3gram,SVM,0.8958333333333334,1.0,1.0,1.0
AHakan,TFIDF_Char_3gram,XGBoost,0.825,0.875,0.875,0.875
AHakan,TFIDF_Word_2gram,DecisionTree,0.2125,0.16666666666666666,0.125,0.14285714285714285
AHakan,TFIDF_Word_2gram,MLP,0.5708333333333333,0.5833333333333334,0.875,0.7
AHakan,TFIDF_Word_2gram,NaiveBayes,0.5708333333333333,0.5384615384615384,0.875,0.6666666666666666
AHakan,TFIDF_Word_2gram,RandomForest,0.45,0.6666666666666666,0.75,0.7058823529411765
AHakan,TFIDF_Word_2gram,SVM,0.5333333333333333,0.7142857142857143,0.625,0.6666666666666666
AHakan,TFIDF_Word_2gram,XGBoost,0.425,0.625,0.625,0.625
AHakan,TFIDF_Word_3gram,DecisionTree,0.16666666666666666,0.3333333333333333,0.125,0.18181818181818182
AHakan,TFIDF_Word_3gram,MLP,0.275,1.0,0.25,0.4
AHakan,TFIDF_Word_3gram,NaiveBayes,0.30833333333333335,0.5,0.375,0.42857142857142855
AHakan,TFIDF_Word_3gram,RandomForest,0.2625,1.0,0.25,0.4
AHakan,TFIDF_Word_3gram,SVM,0.3125,0.0,0.0,0.0
AHakan,TFIDF_Word_3gram,XGBoost,0.19166666666666668,0.0,0.0,0.0
ATuranAlkan,BERT,DecisionTree,0.25416666666666665,0.0,0.0,0.0
ATuranAlkan,BERT,MLP,0.6041666666666666,0.42857142857142855,0.375,0.4
ATuranAlkan,BERT,RandomForest,0.5083333333333333,0.5,0.25,0.3333333333333333
ATuranAlkan,BERT,SVM,0.4125,0.3333333333333333,0.125,0.18181818181818182
ATuranAlkan,BERT,XGBoost,0.4791666666666667,0.5,0.5,0.5
ATuranAlkan,TFIDF_Char_2gram,DecisionTree,0.6666666666666666,1.0,0.625,0.7692307692307693
ATuranAlkan,TFIDF_Char_2gram,MLP,0.9083333333333333,1.0,1.0,1.0
ATuranAlkan,TFIDF_Char_2gram,NaiveBayes,0.6708333333333333,1.0,0.75,0.8571428571428571
ATuranAlkan,TFIDF_Char_2gram,RandomForest,0.8666666666666667,0.875,0.875,0.875
ATuranAlkan,TFIDF_Char_2gram,SVM,0.9,1.0,1.0,1.0
ATuranAlkan,TFIDF_Char_2gram,XGBoost,0.8708333333333333,0.875,0.875,0.875
ATuranAlkan,TFIDF_Char_3gram,DecisionTree,0.5,0.5454545454545454,0.75,0.631578947368421
ATuranAlkan,TFIDF_Char_3gram,MLP,0.9083333333333333,0.875,0.875,0.875
ATuranAlkan,TFIDF_Char_3gram,NaiveBayes,0.6291666666666667,1.0,0.25,0.4
ATuranAlkan,TFIDF_Char_3gram,RandomForest,0.8958333333333334,1.0,1.0,1.0
ATuranAlkan,TFIDF_Char_3gram,SVM,0.8958333333333334,1.0,1.0,1.0
ATuranAlkan,TFIDF_Char_3gram,XGBoost,0.825,0.8888888888888888,1.0,0.9411764705882353
ATuranAlkan,TFIDF_Word_2gram,DecisionTree,0.2125,0.16666666666666666,0.125,0.14285714285714285
ATuranAlkan,TFIDF_Word_2gram,MLP,0.5708333333333333,0.5,0.375,0.42857142857142855
ATuranAlkan,TFIDF_Word_2gram,NaiveBayes,0.5708333333333333,0.5,0.25,0.3333333333333333
ATuranAlkan,TFIDF_Word_2gram,RandomForest,0.45,0.5,0.25,0.3333333333333333
ATuranAlkan,TFIDF_Word_2gram,SVM,0.5333333333333333,0.4,0.5,0.4444444444444444
ATuranAlkan,TFIDF_Word_2gram,XGBoost,0.425,0.23076923076923078,0.375,0.2857142857142857
ATuranAlkan,TFIDF_Word_3gram,DecisionTree,0.16666666666666666,0.0,0.0,0.0
ATuranAlkan,TFIDF_Word_3gram,MLP,0.275,0.0,0.0,0.0
ATuranAlkan,TFIDF_Word_3gram,NaiveBayes,0.30833333333333335,0.0,0.0,0.0
ATuranAlkan,TFIDF_Word_3gram,RandomForest,0.2625,0.3333333333333333,0.125,0.18181818181818182
ATuranAlkan,TFIDF_Word_3gram,SVM,0.3125,0.0,0.0,0.0
ATuranAlkan,TFIDF_Word_3gram,XGBoost,0.19166666666666668,0.0,0.0,0.0
AYArslan,BERT,DecisionTree,0.25416666666666665,0.2,0.25,0.2222222222222222
AYArslan,BERT,MLP,0.6041666666666666,0.5,0.625,0.5555555555555556
AYArslan,BERT,RandomForest,0.5083333333333333,0.5454545454545454,0.75,0.631578947368421
AYArslan,BERT,SVM,0.4125,0.36363636363636365,0.5,0.42105263157894735
AYArslan,BERT,XGBoost,0.4791666666666667,0.5,0.75,0.6
AYArslan,TFIDF_Char_2gram,DecisionTree,0.6666666666666666,0.6,0.375,0.46153846153846156
AYArslan,TFIDF_Char_2gram,MLP,0.9083333333333333,0.7777777777777778,0.875,0.8235294117647058
AYArslan,TFIDF_Char_2gram,NaiveBayes,0.6708333333333333,0.7777777777777778,0.875,0.8235294117647058
AYArslan,TFIDF_Char_2gram,RandomForest,0.8666666666666667,0.875,0.875,0.875
AYArslan,TFIDF_Char_2gram,SVM,0.9,0.7777777777777778,0.875,0.8235294117647058
AYArslan,TFIDF_Char_2gram,XGBoost,0.8708333333333333,0.8571428571428571,0.75,0.8
AYArslan,TFIDF_Char_3gram,DecisionTree,0.5,0.4,0.5,0.4444444444444444
AYArslan,TFIDF_Char_3gram,MLP,0.9083333333333333,0.8,1.0,0.8888888888888888
AYArslan,TFIDF_Char_3gram,NaiveBayes,0.6291666666666667,0.7272727272727273,1.0,0.8421052631578947
AYArslan,TFIDF_Char_3gram,RandomForest,0.8958333333333334,0.7272727272727273,1.0,0.8421052631578947
AYArslan,TFIDF_Char_3gram,SVM,0.8958333333333334,0.75,0.75,0.75
AYArslan,TFIDF_Char_3gram,XGBoost,0.825,0.5454545454545454,0.75,0.631578947368421
AYArslan,TFIDF_Word_2gram,DecisionTree,0.2125,0.3333333333333333,0.25,0.2857142857142857
AYArslan,TFIDF_Word_2gram,MLP,0.5708333333333333,0.875,0.875,0.875
AYArslan,TFIDF_Word_2gram,NaiveBayes,0.5708333333333333,0.5384615384615384,0.875,0.6666666666666666
AYArslan,TFIDF_Word_2gram,RandomForest,0.45,0.5555555555555556,0.625,0.5882352941176471
AYArslan,TFIDF_Word_2gram,SVM,0.5333333333333333,0.7777777777777778,0.875,0.8235294117647058
AYArslan,TFIDF_Word_2gram,XGBoost,0.425,0.625,0.625,0.625
AYArslan,TFIDF_Word_3gram,DecisionTree,0.16666666666666666,0.5,0.375,0.42857142857142855
AYArslan,TFIDF_Word_3gram,MLP,0.275,1.0,0.75,0.8571428571428571
AYArslan,TFIDF_Word_3gram,NaiveBayes,0.30833333333333335,0.5833333333333334,0.875,0.7
AYArslan,TFIDF_Word_3gram,RandomForest,0.2625,1.0,0.5,0.6666666666666666
AYArslan,TFIDF_Word_3gram,SVM,0.3125,0.75,0.75,0.75
AYArslan,TFIDF_Word_3gram,XGBoost,0.19166666666666668,0.8,0.5,0.6153846153846154
BCoskun,BERT,DecisionTree,0.25416666666666665,1.0,0.75,0.8571428571428571
BCoskun,BERT,MLP,0.6041666666666666,0.875,0.875,0.875
BCoskun,BERT,RandomForest,0.5083333333333333,0.7777777777777778,0.875,0.8235294117647058
BCoskun,BERT,SVM,0.4125,0.7777777777777778,0.875,0.8235294117647058
BCoskun,BERT,XGBoost,0.4791666666666667,1.0,0.75,0.8571428571428571
BCoskun,TFIDF_Char_2gram,DecisionTree,0.6666666666666666,1.0,0.875,0.9333333333333333
BCoskun,TFIDF_Char_2gram,MLP,0.9083333333333333,1.0,1.0,1.0
BCoskun,TFIDF_Char_2gram,NaiveBayes,0.6708333333333333,1.0,0.375,0.5454545454545454
BCoskun,TFIDF_Char_2gram,RandomForest,0.8666666666666667,0.8888888888888888,1.0,0.9411764705882353
BCoskun,TFIDF_Char_2gram,SVM,0.9,1.0,0.875,0.9333333333333333
BCoskun,TFIDF_Char_2gram,XGBoost,0.8708333333333333,1.0,0.875,0.9333333333333333
BCoskun,TFIDF_Char_3gram,DecisionTree,0.5,0.7777777777777778,0.875,0.8235294117647058
BCoskun,TFIDF_Char_3gram,MLP,0.9083333333333333,1.0,1.0,1.0
BCoskun,TFIDF_Char_3gram,NaiveBayes,0.6291666666666667,1.0,0.875,0.9333333333333333
BCoskun,TFIDF_Char_3gram,RandomForest,0.8958333333333334,1.0,1.0,1.0
BCoskun,TFIDF_Char_3gram,SVM,0.8958333333333334,1.0,0.875,0.9333333333333333
BCoskun,TFIDF_Char_3gram,XGBoost,0.825,0.875,0.875,0.875
BCoskun,TFIDF_Word_2gram,DecisionTree,0.2125,0.09523809523809523,0.25,0.13793103448275862
BCoskun,TFIDF_Word_2gram,MLP,0.5708333333333333,0.2727272727272727,0.375,0.3157894736842105
BCoskun,TFIDF_Word_2gram,NaiveBayes,0.5708333333333333,0.5,0.125,0.2
BCoskun,TFIDF_Word_2gram,RandomForest,0.45,0.0625,0.125,0.08333333333333333
BCoskun,TFIDF_Word_2gram,SVM,0.5333333333333333,0.21428571428571427,0.75,0.3333333333333333
BCoskun,TFIDF_Word_2gram,XGBoost,0.425,0.15,0.375,0.21428571428571427
BCoskun,TFIDF_Word_3gram,DecisionTree,0.16666666666666666,0.2,0.125,0.15384615384615385
BCoskun,TFIDF_Word_3gram,MLP,0.275,0.16666666666666666,0.25,0.2
BCoskun,TFIDF_Word_3gram,NaiveBayes,0.30833333333333335,0.5,0.125,0.2
BCoskun,TFIDF_Word_3gram,RandomForest,0.2625,0.2,0.125,0.15384615384615385
BCoskun,TFIDF_Word_3gram,SVM,0.3125,0.16666666666666666,0.125,0.14285714285714285
BCoskun,TFIDF_Word_3gram,XGBoost,0.19166666666666668,0.10526315789473684,1.0,0.19047619047619047
CCandar,BERT,DecisionTree,0.25416666666666665,0.15384615384615385,0.25,0.19047619047619047
CCandar,BERT,MLP,0.6041666666666666,0.38461538461538464,0.625,0.47619047619047616
CCandar,BERT,RandomForest,0.5083333333333333,0.23076923076923078,0.375,0.2857142857142857
CCandar,BERT,SVM,0.4125,0.2,0.5,0.2857142857142857
CCandar,BERT,XGBoost,0.4791666666666667,0.1,0.125,0.1111111111111111
CCandar,TFIDF_Char_2gram,DecisionTree,0.6666666666666666,0.6,0.375,0.46153846153846156
CCandar,TFIDF_Char_2gram,MLP,0.9083333333333333,0.8888888888888888,1.0,0.9411764705882353
CCandar,TFIDF_Char_2gram,NaiveBayes,0.6708333333333333,1.0,0.75,0.8571428571428571
CCandar,TFIDF_Char_2gram,RandomForest,0.8666666666666667,0.875,0.875,0.875
CCandar,TFIDF_Char_2gram,SVM,0.9,1.0,0.875,0.9333333333333333
CCandar,TFIDF_Char_2gram,XGBoost,0.8708333333333333,0.8888888888888888,1.0,0.9411764705882353
CCandar,TFIDF_Char_3gram,DecisionTree,0.5,0.125,0.125,0.125
CCandar,TFIDF_Char_3gram,MLP,0.9083333333333333,0.875,0.875,0.875
CCandar,TFIDF_Char_3gram,NaiveBayes,0.6291666666666667,0.75,0.375,0.5
CCandar,TFIDF_Char_3gram,RandomForest,0.8958333333333334,0.8888888888888888,1.0,0.9411764705882353
CCandar,TFIDF_Char_3gram,SVM,0.8958333333333334,0.8571428571428571,0.75,0.8
CCandar,TFIDF_Char_3gram,XGBoost,0.825,0.875,0.875,0.875
CCandar,TFIDF_Word_2gram,DecisionTree,0.2125,0.2,0.125,0.15384615384615385
CCandar,TFIDF_Word_2gram,MLP,0.5708333333333333,0.75,0.375,0.5
CCandar,TFIDF_Word_2gram,NaiveBayes,0.5708333333333333,0.75,0.375,0.5
CCandar,TFIDF_Word_2gram,RandomForest,0.45,0.8571428571428571,0.75,0.8
CCandar,TFIDF_Word_2gram,SVM,0.5333333333333333,1.0,0.375,0.5454545454545454
CCandar,TFIDF_Word_2gram,XGBoost,0.425,0.8333333333333334,0.625,0.7142857142857143
CCandar,TFIDF_Word_3gram,DecisionTree,0.16666666666666666,0.0,0.0,0.0
CCandar,TFIDF_Word_3gram,MLP,0.275,0.5,0.25,0.3333333333333333
CCandar,TFIDF_Word_3gram,NaiveBayes,0.30833333333333335,0.2857142857142857,0.25,0.26666666666666666
CCandar,TFIDF_Word_3gram,RandomForest,0.2625,0.5,0.25,0.3333333333333333
CCandar,TFIDF_Word_3gram,SVM,0.3125,0.4,0.25,0.3076923076923077
CCandar,TFIDF_Word_3gram,XGBoost,0.19166666666666668,0.3333333333333333,0.125,0.18181818181818182
COzdemir,BERT,DecisionTree,0.25416666666666665,0.42857142857142855,0.375,0.4
COzdemir,BERT,MLP,0.6041666666666666,0.5,0.5,0.5
COzdemir,BERT,RandomForest,0.5083333333333333,0.5714285714285714,0.5,0.5333333333333333
COzdemir,BERT,SVM,0.4125,0.6666666666666666,0.5,0.5714285714285714
COzdemir,BERT,XGBoost,0.4791666666666667,0.8,0.5,0.6153846153846154
COzdemir,TFIDF_Char_2gram,DecisionTree,0.6666666666666666,0.6,0.75,0.6666666666666666
COzdemir,TFIDF_Char_2gram,MLP,0.9083333333333333,0.7272727272727273,1.0,0.8421052631578947
COzdemir,TFIDF_Char_2gram,NaiveBayes,0.6708333333333333,1.0,0.75,0.8571428571428571
COzdemir,TFIDF_Char_2gram,RandomForest,0.8666666666666667,0.7272727272727273,1.0,0.8421052631578947
COzdemir,TFIDF_Char_2gram,SVM,0.9,1.0,1.0,1.0
COzdemir,TFIDF_Char_2gram,XGBoost,0.8708333333333333,0.8,1.0,0.8888888888888888
COzdemir,TFIDF_Char_3gram,DecisionTree,0.5,0.36363636363636365,0.5,0.42105263157894735
COzdemir,TFIDF_Char_3gram,MLP,0.9083333333333333,0.8888888888888888,1.0,0.9411764705882353
COzdemir,TFIDF_Char_3gram,NaiveBayes,0.6291666666666667,0.7777777777777778,0.875,0.8235294117647058
COzdemir,TFIDF_Char_3gram,RandomForest,0.8958333333333334,0.8888888888888888,1.0,0.9411764705882353
COzdemir,TFIDF_Char_3gram,SVM,0.8958333333333334,0.8888888888888888,1.0,0.9411764705882353
COzdemir,TFIDF_Char_3gram,XGBoost,0.825,0.6363636363636364,0.875,0.7368421052631579
COzdemir,TFIDF_Word_2gram,DecisionTree,0.2125,0.2,0.125,0.15384615384615385
COzdemir,TFIDF_Word_2gram,MLP,0.5708333333333333,0.75,0.75,0.75
COzdemir,TFIDF_Word_2gram,NaiveBayes,0.5708333333333333,0.5833333333333334,0.875,0.7
COzdemir,TFIDF_Word_2gram,RandomForest,0.45,0.5454545454545454,0.75,0.631578947368421
COzdemir,TFIDF_Word_2gram,SVM,0.5333333333333333,0.8571428571428571,0.75,0.8
COzdemir,TFIDF_Word_2gram,XGBoost,0.425,0.5555555555555556,0.625,0.5882352941176471
COzdemir,TFIDF_Word_3gram,DecisionTree,0.16666666666666666,0.25,0.25,0.25
COzdemir,TFIDF_Word_3gram,MLP,0.275,0.5,0.25,0.3333333333333333
COzdemir,TFIDF_Word_3gram,NaiveBayes,0.30833333333333335,0.3,0.375,0.3333333333333333
COzdemir,TFIDF_Word_3gram,RandomForest,0.2625,0.5,0.25,0.3333333333333333
COzdemir,TFIDF_Word_3gram,SVM,0.3125,0.375,0.375,0.375
COzdemir,TFIDF_Word_3gram,XGBoost,0.19166666666666668,0.4,0.25,0.3076923076923077
DCundioglu,BERT,DecisionTree,0.25416666666666665,0.6,0.375,0.46153846153846156
DCundioglu,BERT,MLP,0.6041666666666666,0.75,0.75,0.75
DCundioglu,BERT,RandomForest,0.5083333333333333,0.625,0.625,0.625
DCundioglu,BERT,SVM,0.4125,1.0,0.625,0.7692307692307693
DCundioglu,BERT,XGBoost,0.4791666666666667,0.75,0.75,0.75
DCundioglu,TFIDF_Char_2gram,DecisionTree,0.6666666666666666,0.7272727272727273,1.0,0.8421052631578947
DCundioglu,TFIDF_Char_2gram,MLP,0.9083333333333333,1.0,1.0,1.0
DCundioglu,TFIDF_Char_2gram,NaiveBayes,0.6708333333333333,1.0,0.875,0.9333333333333333
DCundioglu,TFIDF_Char_2gram,RandomForest,0.8666666666666667,1.0,0.875,0.9333333333333333
DCundioglu,TFIDF_Char_2gram,SVM,0.9,1.0,1.0,1.0
DCundioglu,TFIDF_Char_2gram,XGBoost,0.8708333333333333,1.0,1.0,1.0
DCundioglu,TFIDF_Char_3gram,DecisionTree,0.5,1.0,0.875,0.9333333333333333
DCundioglu,TFIDF_Char_3gram,MLP,0.9083333333333333,1.0,1.0,1.0
DCundioglu,TFIDF_Char_3gram,NaiveBayes,0.6291666666666667,1.0,1.0,1.0
DCundioglu,TFIDF_Char_3gram,RandomForest,0.8958333333333334,1.0,1.0,1.0
DCundioglu,TFIDF_Char_3gram,SVM,0.8958333333333334,1.0,1.0,1.0
DCundioglu,TFIDF_Char_3gram,XGBoost,0.825,1.0,1.0,1.0
DCundioglu,TFIDF_Word_2gram,DecisionTree,0.2125,0.7777777777777778,0.875,0.8235294117647058
DCundioglu,TFIDF_Word_2gram,MLP,0.5708333333333333,0.6363636363636364,0.875,0.7368421052631579
DCundioglu,TFIDF_Word_2gram,NaiveBayes,0.5708333333333333,0.5833333333333334,0.875,0.7
DCundioglu,TFIDF_Word_2gram,RandomForest,0.45,1.0,0.75,0.8571428571428571
DCundioglu,TFIDF_Word_2gram,SVM,0.5333333333333333,0.875,0.875,0.875
DCundioglu,TFIDF_Word_2gram,XGBoost,0.425,0.8571428571428571,0.75,0.8
DCundioglu,TFIDF_Word_3gram,DecisionTree,0.16666666666666666,0.5,0.25,0.3333333333333333
DCundioglu,TFIDF_Word_3gram,MLP,0.275,0.5,0.375,0.42857142857142855
DCundioglu,TFIDF_Word_3gram,NaiveBayes,0.30833333333333335,0.5,0.625,0.5555555555555556
DCundioglu,TFIDF_Word_3gram,RandomForest,0.2625,0.6666666666666666,0.25,0.36363636363636365
DCundioglu,TFIDF_Word_3gram,SVM,0.3125,0.6,0.375,0.46153846153846156
DCundioglu,TFIDF_Word_3gram,XGBoost,0.19166666666666668,0.5,0.25,0.3333333333333333
DUAribogan,BERT,DecisionTree,0.25416666666666665,0.3333333333333333,0.375,0.35294117647058826
DUAribogan,BERT,MLP,0.6041666666666666,0.6666666666666666,0.25,0.36363636363636365
DUAribogan,BERT,RandomForest,0.5083333333333333,0.42857142857142855,0.375,0.4
DUAribogan,BERT,SVM,0.4125,0.21052631578947367,0.5,0.2962962962962963
DUAribogan,BERT,XGBoost,0.4791666666666667,0.3333333333333333,0.25,0.2857142857142857
DUAribogan,TFIDF_Char_2gram,DecisionTree,0.6666666666666666,0.875,0.875,0.875
DUAribogan,TFIDF_Char_2gram,MLP,0.9083333333333333,0.8888888888888888,1.0,0.9411764705882353
DUAribogan,TFIDF_Char_2gram,NaiveBayes,0.6708333333333333,0.8,1.0,0.8888888888888888
DUAribogan,TFIDF_Char_2gram,RandomForest,0.8666666666666667,0.7272727272727273,1.0,0.8421052631578947
DUAribogan,TFIDF_Char_2gram,SVM,0.9,0.7272727272727273,1.0,0.8421052631578947
DUAribogan,TFIDF_Char_2gram,XGBoost,0.8708333333333333,0.8888888888888888,1.0,0.9411764705882353
DUAribogan,TFIDF_Char_3gram,DecisionTree,0.5,0.2222222222222222,0.25,0.23529411764705882
DUAribogan,TFIDF_Char_3gram,MLP,0.9083333333333333,0.8888888888888888,1.0,0.9411764705882353
DUAribogan,TFIDF_Char_3gram,NaiveBayes,0.6291666666666667,0.47058823529411764,1.0,0.64
DUAribogan,TFIDF_Char_3gram,RandomForest,0.8958333333333334,0.7272727272727273,1.0,0.8421052631578947
DUAribogan,TFIDF_Char_3gram,SVM,0.8958333333333334,0.7272727272727273,1.0,0.8421052631578947
DUAribogan,TFIDF_Char_3gram,XGBoost,0.825,0.7777777777777778,0.875,0.8235294117647058
DUAribogan,TFIDF_Word_2gram,DecisionTree,0.2125,0.2857142857142857,0.25,0.26666666666666666
DUAribogan,TFIDF_Word_2gram,MLP,0.5708333333333333,0.7,0.875,0.7777777777777778
DUAribogan,TFIDF_Word_2gram,NaiveBayes,0.5708333333333333,0.4375,0.875,0.5833333333333334
DUAribogan,TFIDF_Word_2gram,RandomForest,0.45,0.5555555555555556,0.625,0.5882352941176471
DUAribogan,TFIDF_Word_2gram,SVM,0.5333333333333333,0.6666666666666666,0.75,0.7058823529411765
DUAribogan,TFIDF_Word_2gram,XGBoost,0.425,0.6666666666666666,0.5,0.5714285714285714
DUAribogan,TFIDF_Word_3gram,DecisionTree,0.16666666666666666,1.0,0.125,0.2222222222222222
DUAribogan,TFIDF_Word_3gram,MLP,0.275,0.8,0.5,0.6153846153846154
DUAribogan,TFIDF_Word_3gram,NaiveBayes,0.30833333333333335,0.6666666666666666,0.5,0.5714285714285714
DUAribogan,TFIDF_Word_3gram,RandomForest,0.2625,0.5,0.5,0.5
DUAribogan,TFIDF_Word_3gram,SVM,0.3125,0.29411764705882354,0.625,0.4
DUAribogan,TFIDF_Word_3gram,XGBoost,0.19166666666666668,0.3333333333333333,0.375,0.35294117647058826
EArdic,BERT,DecisionTree,0.25416666666666665,0.4444444444444444,0.5,0.47058823529411764
EArdic,BERT,MLP,0.6041666666666666,0.7142857142857143,0.625,0.6666666666666666
EArdic,BERT,RandomForest,0.5083333333333333,0.36363636363636365,0.5,0.42105263157894735
EArdic,BERT,SVM,0.4125,0.8,0.5,0.6153846153846154
EArdic,BERT,XGBoost,0.4791666666666667,0.6,0.75,0.6666666666666666
EArdic,TFIDF_Char_2gram,DecisionTree,0.6666666666666666,0.8888888888888888,1.0,0.9411764705882353
EArdic,TFIDF_Char_2gram,MLP,0.9083333333333333,1.0,1.0,1.0
EArdic,TFIDF_Char_2gram,NaiveBayes,0.6708333333333333,1.0,1.0,1.0
EArdic,TFIDF_Char_2gram,RandomForest,0.8666666666666667,0.8,1.0,0.8888888888888888
EArdic,TFIDF_Char_2gram,SVM,0.9,1.0,1.0,1.0
EArdic,TFIDF_Char_2gram,XGBoost,0.8708333333333333,1.0,1.0,1.0
EArdic,TFIDF_Char_3gram,DecisionTree,0.5,0.5,0.625,0.5555555555555556
EArdic,TFIDF_Char_3gram,MLP,0.9083333333333333,1.0,1.0,1.0
EArdic,TFIDF_Char_3gram,NaiveBayes,0.6291666666666667,1.0,1.0,1.0
EArdic,TFIDF_Char_3gram,RandomForest,0.8958333333333334,1.0,1.0,1.0
EArdic,TFIDF_Char_3gram,SVM,0.8958333333333334,1.0,1.0,1.0
EArdic,TFIDF_Char_3gram,XGBoost,0.825,1.0,0.875,0.9333333333333333
EArdic,TFIDF_Word_2gram,DecisionTree,0.2125,0.14285714285714285,0.125,0.13333333333333333
EArdic,TFIDF_Word_2gram,MLP,0.5708333333333333,0.6666666666666666,0.5,0.5714285714285714
EArdic,TFIDF_Word_2gram,NaiveBayes,0.5708333333333333,0.42857142857142855,0.375,0.4
EArdic,TFIDF_Word_2gram,RandomForest,0.45,0.4,0.25,0.3076923076923077
EArdic,TFIDF_Word_2gram,SVM,0.5333333333333333,0.6666666666666666,0.25,0.36363636363636365
EArdic,TFIDF_Word_2gram,XGBoost,0.425,0.3333333333333333,0.25,0.2857142857142857
EArdic,TFIDF_Word_3gram,DecisionTree,0.16666666666666666,0.2,0.25,0.2222222222222222
EArdic,TFIDF_Word_3gram,MLP,0.275,0.5,0.25,0.3333333333333333
EArdic,TFIDF_Word_3gram,NaiveBayes,0.30833333333333335,0.25,0.25,0.25
EArdic,TFIDF_Word_3gram,RandomForest,0.2625,0.3333333333333333,0.25,0.2857142857142857
EArdic,TFIDF_Word_3gram,SVM,0.3125,0.4,0.25,0.3076923076923077
EArdic,TFIDF_Word_3gram,XGBoost,0.19166666666666668,0.1,0.125,0.1111111111111111
ECakir,BERT,DecisionTree,0.25416666666666665,0.14285714285714285,0.125,0.13333333333333333
ECakir,BERT,MLP,0.6041666666666666,0.6,0.375,0.46153846153846156
ECakir,BERT,RandomForest,0.5083333333333333,0.42857142857142855,0.375,0.4
ECakir,BERT,SVM,0.4125,0.5,0.125,0.2
ECakir,BERT,XGBoost,0.4791666666666667,0.5,0.125,0.2
ECakir,TFIDF_Char_2gram,DecisionTree,0.6666666666666666,0.45454545454545453,0.625,0.5263157894736842
ECakir,TFIDF_Char_2gram,MLP,0.9083333333333333,0.75,0.375,0.5
ECakir,TFIDF_Char_2gram,NaiveBayes,0.6708333333333333,0.0,0.0,0.0
ECakir,TFIDF_Char_2gram,RandomForest,0.8666666666666667,0.8,0.5,0.6153846153846154
ECakir,TFIDF_Char_2gram,SVM,0.9,1.0,0.5,0.6666666666666666
ECakir,TFIDF_Char_2gram,XGBoost,0.8708333333333333,0.7,0.875,0.7777777777777778
ECakir,TFIDF_Char_3gram,DecisionTree,0.5,0.4166666666666667,0.625,0.5
ECakir,TFIDF_Char_3gram,MLP,0.9083333333333333,0.8,0.5,0.6153846153846154
ECakir,TFIDF_Char_3gram,NaiveBayes,0.6291666666666667,0.0,0.0,0.0
ECakir,TFIDF_Char_3gram,RandomForest,0.8958333333333334,0.8571428571428571,0.75,0.8
ECakir,TFIDF_Char_3gram,SVM,0.8958333333333334,0.75,0.75,0.75
ECakir,TFIDF_Char_3gram,XGBoost,0.825,0.875,0.875,0.875
ECakir,TFIDF_Word_2gram,DecisionTree,0.2125,0.1111111111111111,0.125,0.11764705882352941
ECakir,TFIDF_Word_2gram,MLP,0.5708333333333333,0.5,0.25,0.3333333333333333
ECakir,TFIDF_Word_2gram,NaiveBayes,0.5708333333333333,0.42857142857142855,0.375,0.4
ECakir,TFIDF_Word_2gram,RandomForest,0.45,0.6,0.375,0.46153846153846156
ECakir,TFIDF_Word_2gram,SVM,0.5333333333333333,0.16666666666666666,0.125,0.14285714285714285
ECakir,TFIDF_Word_2gram,XGBoost,0.425,0.0,0.0,0.0
ECakir,TFIDF_Word_3gram,DecisionTree,0.16666666666666666,0.0,0.0,0.0
ECakir,TFIDF_Word_3gram,MLP,0.275,0.0,0.0,0.0
ECakir,TFIDF_Word_3gram,NaiveBayes,0.30833333333333335,0.25,0.125,0.16666666666666666
ECakir,TFIDF_Word_3gram,RandomForest,0.2625,0.25,0.125,0.16666666666666666
ECakir,TFIDF_Word_3gram,SVM,0.3125,0.25,0.25,0.25
ECakir,TFIDF_Word_3gram,XGBoost,0.19166666666666668,0.16666666666666666,0.125,0.14285714285714285
GGokturk,BERT,DecisionTree,0.25416666666666665,0.0,0.0,0.0
GGokturk,BERT,MLP,0.6041666666666666,0.25,0.125,0.16666666666666666
GGokturk,BERT,RandomForest,0.5083333333333333,0.4,0.25,0.3076923076923077
GGokturk,BERT,SVM,0.4125,0.0,0.0,0.0
GGokturk,BERT,XGBoost,0.4791666666666667,0.3333333333333333,0.125,0.18181818181818182
GGokturk,TFIDF_Char_2gram,DecisionTree,0.6666666666666666,0.8333333333333334,0.625,0.7142857142857143
GGokturk,TFIDF_Char_2gram,MLP,0.9083333333333333,0.8571428571428571,0.75,0.8
GGokturk,TFIDF_Char_2gram,NaiveBayes,0.6708333333333333,0.5714285714285714,0.5,0.5333333333333333
GGokturk,TFIDF_Char_2gram,RandomForest,0.8666666666666667,0.8,1.0,0.8888888888888888
GGokturk,TFIDF_Char_2gram,SVM,0.9,0.7777777777777778,0.875,0.8235294117647058
GGokturk,TFIDF_Char_2gram,XGBoost,0.8708333333333333,0.875,0.875,0.875
GGokturk,TFIDF_Char_3gram,DecisionTree,0.5,0.2857142857142857,0.25,0.26666666666666666
GGokturk,TFIDF_Char_3gram,MLP,0.9083333333333333,0.8571428571428571,0.75,0.8
GGokturk,TFIDF_Char_3gram,NaiveBayes,0.6291666666666667,0.3333333333333333,0.375,0.35294117647058826
GGokturk,TFIDF_Char_3gram,RandomForest,0.8958333333333334,0.8333333333333334,0.625,0.7142857142857143
GGokturk,TFIDF_Char_3gram,SVM,0.8958333333333334,0.7777777777777778,0.875,0.8235294117647058
GGokturk,TFIDF_Char_3gram,XGBoost,0.825,0.8333333333333334,0.625,0.7142857142857143
GGokturk,TFIDF_Word_2gram,DecisionTree,0.2125,0.16666666666666666,0.375,0.23076923076923078
GGokturk,TFIDF_Word_2gram,MLP,0.5708333333333333,0.5,0.375,0.42857142857142855
GGokturk,TFIDF_Word_2gram,NaiveBayes,0.5708333333333333,0.36363636363636365,0.5,0.42105263157894735
GGokturk,TFIDF_Word_2gram,RandomForest,0.45,0.6666666666666666,0.25,0.36363636363636365
GGokturk,TFIDF_Word_2gram,SVM,0.5333333333333333,0.2222222222222222,0.25,0.23529411764705882
GGokturk,TFIDF_Word_2gram,XGBoost,0.425,0.4,0.25,0.3076923076923077
GGokturk,TFIDF_Word_3gram,DecisionTree,0.16666666666666666,0.25,0.125,0.16666666666666666
GGokturk,TFIDF_Word_3gram,MLP,0.275,0.0,0.0,0.0
GGokturk,TFIDF_Word_3gram,NaiveBayes,0.30833333333333335,0.16666666666666666,0.125,0.14285714285714285
GGokturk,TFIDF_Word_3gram,RandomForest,0.2625,0.14285714285714285,0.125,0.13333333333333333
GGokturk,TFIDF_Word_3gram,SVM,0.3125,0.16666666666666666,0.125,0.14285714285714285
GGokturk,TFIDF_Word_3gram,XGBoost,0.19166666666666668,0.2222222222222222,0.25,0.23529411764705882
HBabaoglu,BERT,DecisionTree,0.25416666666666665,0.5,0.625,0.5555555555555556
HBabaoglu,BERT,MLP,0.6041666666666666,0.8571428571428571,0.75,0.8
HBabaoglu,BERT,RandomForest,0.5083333333333333,0.875,0.875,0.875
HBabaoglu,BERT,SVM,0.4125,0.8571428571428571,0.75,0.8
HBabaoglu,BERT,XGBoost,0.4791666666666667,0.75,0.75,0.75
HBabaoglu,TFIDF_Char_2gram,DecisionTree,0.6666666666666666,1.0,0.75,0.8571428571428571
HBabaoglu,TFIDF_Char_2gram,MLP,0.9083333333333333,1.0,1.0,1.0
HBabaoglu,TFIDF_Char_2gram,NaiveBayes,0.6708333333333333,1.0,1.0,1.0
HBabaoglu,TFIDF_Char_2gram,RandomForest,0.8666666666666667,1.0,1.0,1.0
HBabaoglu,TFIDF_Char_2gram,SVM,0.9,1.0,1.0,1.0
HBabaoglu,TFIDF_Char_2gram,XGBoost,0.8708333333333333,0.8,1.0,0.8888888888888888
HBabaoglu,TFIDF_Char_3gram,DecisionTree,0.5,1.0,1.0,1.0
HBabaoglu,TFIDF_Char_3gram,MLP,0.9083333333333333,1.0,1.0,1.0
HBabaoglu,TFIDF_Char_3gram,NaiveBayes,0.6291666666666667,1.0,0.625,0.7692307692307693
HBabaoglu,TFIDF_Char_3gram,RandomForest,0.8958333333333334,1.0,1.0,1.0
HBabaoglu,TFIDF_Char_3gram,SVM,0.8958333333333334,1.0,1.0,1.0
HBabaoglu,TFIDF_Char_3gram,XGBoost,0.825,1.0,1.0,1.0
HBabaoglu,TFIDF_Word_2gram,DecisionTree,0.2125,0.5,0.25,0.3333333333333333
HBabaoglu,TFIDF_Word_2gram,MLP,0.5708333333333333,0.5,0.25,0.3333333333333333
HBabaoglu,TFIDF_Word_2gram,NaiveBayes,0.5708333333333333,0.5,0.375,0.42857142857142855
HBabaoglu,TFIDF_Word_2gram,RandomForest,0.45,0.16666666666666666,0.125,0.14285714285714285
HBabaoglu,TFIDF_Word_2gram,SVM,0.5333333333333333,0.45454545454545453,0.625,0.5263157894736842
HBabaoglu,TFIDF_Word_2gram,XGBoost,0.425,0.375,0.375,0.375
HBabaoglu,TFIDF_Word_3gram,DecisionTree,0.16666666666666666,0.0,0.0,0.0
HBabaoglu,TFIDF_Word_3gram,MLP,0.275,0.2857142857142857,0.25,0.26666666666666666
HBabaoglu,TFIDF_Word_3gram,NaiveBayes,0.30833333333333335,0.2,0.375,0.2608695652173913
HBabaoglu,TFIDF_Word_3gram,RandomForest,0.2625,0.14285714285714285,0.125,0.13333333333333333
HBabaoglu,TFIDF_Word_3gram,SVM,0.3125,0.2,0.375,0.2608695652173913
HBabaoglu,TFIDF_Word_3gram,XGBoost,0.19166666666666668,0.0,0.0,0.0
HCemal,BERT,DecisionTree,0.25416666666666665,0.0,0.0,0.0
HCemal,BERT,MLP,0.6041666666666666,0.7,0.875,0.7777777777777778
HCemal,BERT,RandomForest,0.5083333333333333,0.5,0.5,0.5
HCemal,BERT,SVM,0.4125,1.0,0.125,0.2222222222222222
HCemal,BERT,XGBoost,0.4791666666666667,0.5,0.5,0.5
HCemal,TFIDF_Char_2gram,DecisionTree,0.6666666666666666,0.6363636363636364,0.875,0.7368421052631579
HCemal,TFIDF_Char_2gram,MLP,0.9083333333333333,0.8888888888888888,1.0,0.9411764705882353
HCemal,TFIDF_Char_2gram,NaiveBayes,0.6708333333333333,0.875,0.875,0.875
HCemal,TFIDF_Char_2gram,RandomForest,0.8666666666666667,1.0,1.0,1.0
HCemal,TFIDF_Char_2gram,SVM,0.9,0.8888888888888888,1.0,0.9411764705882353
HCemal,TFIDF_Char_2gram,XGBoost,0.8708333333333333,0.8888888888888888,1.0,0.9411764705882353
HCemal,TFIDF_Char_3gram,DecisionTree,0.5,0.5,0.25,0.3333333333333333
HCemal,TFIDF_Char_3gram,MLP,0.9083333333333333,1.0,1.0,1.0
HCemal,TFIDF_Char_3gram,NaiveBayes,0.6291666666666667,1.0,0.625,0.7692307692307693
HCemal,TFIDF_Char_3gram,RandomForest,0.8958333333333334,0.7272727272727273,1.0,0.8421052631578947
HCemal,TFIDF_Char_3gram,SVM,0.8958333333333334,1.0,1.0,1.0
HCemal,TFIDF_Char_3gram,XGBoost,0.825,0.7272727272727273,1.0,0.8421052631578947
HCemal,TFIDF_Word_2gram,DecisionTree,0.2125,0.0,0.0,0.0
HCemal,TFIDF_Word_2gram,MLP,0.5708333333333333,0.5714285714285714,0.5,0.5333333333333333
HCemal,TFIDF_Word_2gram,NaiveBayes,0.5708333333333333,0.7142857142857143,0.625,0.6666666666666666
HCemal,TFIDF_Word_2gram,RandomForest,0.45,0.4,0.25,0.3076923076923077
HCemal,TFIDF_Word_2gram,SVM,0.5333333333333333,0.4,0.25,0.3076923076923077
HCemal,TFIDF_Word_2gram,XGBoost,0.425,1.0,0.125,0.2222222222222222
HCemal,TFIDF_Word_3gram,DecisionTree,0.16666666666666666,0.0,0.0,0.0
HCemal,TFIDF_Word_3gram,MLP,0.275,0.3333333333333333,0.125,0.18181818181818182
HCemal,TFIDF_Word_3gram,NaiveBayes,0.30833333333333335,0.0,0.0,0.0
HCemal,TFIDF_Word_3gram,RandomForest,0.2625,0.0,0.0,0.0
HCemal,TFIDF_Word_3gram,SVM,0.3125,0.2,0.25,0.2222222222222222
HCemal,TFIDF_Word_3gram,XGBoost,0.19166666666666668,0.0,0.0,0.0
HUluc,BERT,DecisionTree,0.25416666666666665,0.25,0.125,0.16666666666666666
HUluc,BERT,MLP,0.6041666666666666,1.0,1.0,1.0
HUluc,BERT,RandomForest,0.5083333333333333,0.7777777777777778,0.875,0.8235294117647058
HUluc,BERT,SVM,0.4125,0.7777777777777778,0.875,0.8235294117647058
HUluc,BERT,XGBoost,0.4791666666666667,1.0,0.875,0.9333333333333333
HUluc,TFIDF_Char_2gram,DecisionTree,0.6666666666666666,0.8888888888888888,1.0,0.9411764705882353
HUluc,TFIDF_Char_2gram,MLP,0.9083333333333333,1.0,1.0,1.0
HUluc,TFIDF_Char_2gram,NaiveBayes,0.6708333333333333,1.0,1.0,1.0
HUluc,TFIDF_Char_2gram,RandomForest,0.8666666666666667,1.0,1.0,1.0
HUluc,TFIDF_Char_2gram,SVM,0.9,0.8888888888888888,1.0,0.9411764705882353
HUluc,TFIDF_Char_2gram,XGBoost,0.8708333333333333,1.0,1.0,1.0
HUluc,TFIDF_Char_3gram,DecisionTree,0.5,1.0,0.875,0.9333333333333333
HUluc,TFIDF_Char_3gram,MLP,0.9083333333333333,1.0,1.0,1.0
HUluc,TFIDF_Char_3gram,NaiveBayes,0.6291666666666667,1.0,1.0,1.0
HUluc,TFIDF_Char_3gram,RandomForest,0.8958333333333334,1.0,1.0,1.0
HUluc,TFIDF_Char_3gram,SVM,0.8958333333333334,1.0,1.0,1.0
HUluc,TFIDF_Char_3gram,XGBoost,0.825,1.0,1.0,1.0
HUluc,TFIDF_Word_2gram,DecisionTree,0.2125,0.16666666666666666,0.125,0.14285714285714285
HUluc,TFIDF_Word_2gram,MLP,0.5708333333333333,0.5,0.625,0.5555555555555556
HUluc,TFIDF_Word_2gram,NaiveBayes,0.5708333333333333,0.6,0.75,0.6666666666666666
HUluc,TFIDF_Word_2gram,RandomForest,0.45,0.375,0.375,0.375
HUluc,TFIDF_Word_2gram,SVM,0.5333333333333333,0.5555555555555556,0.625,0.5882352941176471
HUluc,TFIDF_Word_2gram,XGBoost,0.425,0.5,0.375,0.42857142857142855
HUluc,TFIDF_Word_3gram,DecisionTree,0.16666666666666666,0.0,0.0,0.0
HUluc,TFIDF_Word_3gram,MLP,0.275,0.13513513513513514,0.625,0.2222222222222222
HUluc,TFIDF_Word_3gram,NaiveBayes,0.30833333333333335,0.25,0.125,0.16666666666666666
HUluc,TFIDF_Word_3gram,RandomForest,0.2625,0.25,0.375,0.3
HUluc,TFIDF_Word_3gram,SVM,0.3125,0.25,0.375,0.3
HUluc,TFIDF_Word_3gram,XGBoost,0.19166666666666668,0.0,0.0,0.0
IKucukkaya,BERT,DecisionTree,0.25416666666666665,0.3333333333333333,0.25,0.2857142857142857
IKucukkaya,BERT,MLP,0.6041666666666666,0.7142857142857143,0.625,0.6666666666666666
IKucukkaya,BERT,RandomForest,0.5083333333333333,0.6,0.75,0.6666666666666666
IKucukkaya,BERT,SVM,0.4125,0.42857142857142855,0.75,0.5454545454545454
IKucukkaya,BERT,XGBoost,0.4791666666666667,0.5714285714285714,0.5,0.5333333333333333
IKucukkaya,TFIDF_Char_2gram,DecisionTree,0.6666666666666666,0.7777777777777778,0.875,0.8235294117647058
IKucukkaya,TFIDF_Char_2gram,MLP,0.9083333333333333,0.8571428571428571,0.75,0.8
IKucukkaya,TFIDF_Char_2gram,NaiveBayes,0.6708333333333333,0.6,0.75,0.6666666666666666
IKucukkaya,TFIDF_Char_2gram,RandomForest,0.8666666666666667,0.7777777777777778,0.875,0.8235294117647058
IKucukkaya,TFIDF_Char_2gram,SVM,0.9,0.8571428571428571,0.75,0.8
IKucukkaya,TFIDF_Char_2gram,XGBoost,0.8708333333333333,1.0,0.75,0.8571428571428571
IKucukkaya,TFIDF_Char_3gram,DecisionTree,0.5,0.6,0.75,0.6666666666666666
IKucukkaya,TFIDF_Char_3gram,MLP,0.9083333333333333,0.8571428571428571,0.75,0.8
IKucukkaya,TFIDF_Char_3gram,NaiveBayes,0.6291666666666667,0.8571428571428571,0.75,0.8
IKucukkaya,TFIDF_Char_3gram,RandomForest,0.8958333333333334,1.0,0.75,0.8571428571428571
IKucukkaya,TFIDF_Char_3gram,SVM,0.8958333333333334,0.8571428571428571,0.75,0.8
IKucukkaya,TFIDF_Char_3gram,XGBoost,0.825,0.8571428571428571,0.75,0.8
IKucukkaya,TFIDF_Word_2gram,DecisionTree,0.2125,0.16666666666666666,0.125,0.14285714285714285
IKucukkaya,TFIDF_Word_2gram,MLP,0.5708333333333333,0.5,0.375,0.42857142857142855
IKucukkaya,TFIDF_Word_2gram,NaiveBayes,0.5708333333333333,0.5,0.25,0.3333333333333333
IKucukkaya,TFIDF_Word_2gram,RandomForest,0.45,0.5,0.25,0.3333333333333333
IKucukkaya,TFIDF_Word_2gram,SVM,0.5333333333333333,0.25,0.25,0.25
IKucukkaya,TFIDF_Word_2gram,XGBoost,0.425,0.2222222222222222,0.25,0.23529411764705882
IKucukkaya,TFIDF_Word_3gram,DecisionTree,0.16666666666666666,0.0,0.0,0.0
IKucukkaya,TFIDF_Word_3gram,MLP,0.275,0.25,0.125,0.16666666666666666
IKucukkaya,TFIDF_Word_3gram,NaiveBayes,0.30833333333333335,0.2,0.125,0.15384615384615385
IKucukkaya,TFIDF_Word_3gram,RandomForest,0.2625,0.0,0.0,0.0
IKucukkaya,TFIDF_Word_3gram,SVM,0.3125,0.125,0.125,0.125
IKucukkaya,TFIDF_Word_3gram,XGBoost,0.19166666666666668,0.0,0.0,0.0
MABirand,BERT,DecisionTree,0.25416666666666665,0.125,0.125,0.125
MABirand,BERT,MLP,0.6041666666666666,0.625,0.625,0.625
MABirand,BERT,RandomForest,0.5083333333333333,0.6666666666666666,0.5,0.5714285714285714
MABirand,BERT,SVM,0.4125,0.15384615384615385,0.25,0.19047619047619047
MABirand,BERT,XGBoost,0.4791666666666667,0.2222222222222222,0.25,0.23529411764705882
MABirand,TFIDF_Char_2gram,DecisionTree,0.6666666666666666,0.625,0.625,0.625
MABirand,TFIDF_Char_2gram,MLP,0.9083333333333333,1.0,1.0,1.0
MABirand,TFIDF_Char_2gram,NaiveBayes,0.6708333333333333,0.18604651162790697,1.0,0.3137254901960784
MABirand,TFIDF_Char_2gram,RandomForest,0.8666666666666667,0.8888888888888888,1.0,0.9411764705882353
MABirand,TFIDF_Char_2gram,SVM,0.9,0.6666666666666666,1.0,0.8
MABirand,TFIDF_Char_2gram,XGBoost,0.8708333333333333,0.6363636363636364,0.875,0.7368421052631579
MABirand,TFIDF_Char_3gram,DecisionTree,0.5,0.4444444444444444,0.5,0.47058823529411764
MABirand,TFIDF_Char_3gram,MLP,0.9083333333333333,1.0,1.0,1.0
MABirand,TFIDF_Char_3gram,NaiveBayes,0.6291666666666667,0.2222222222222222,1.0,0.36363636363636365
MABirand,TFIDF_Char_3gram,RandomForest,0.8958333333333334,1.0,1.0,1.0
MABirand,TFIDF_Char_3gram,SVM,0.8958333333333334,1.0,1.0,1.0
MABirand,TFIDF_Char_3gram,XGBoost,0.825,0.8888888888888888,1.0,0.9411764705882353
MABirand,TFIDF_Word_2gram,DecisionTree,0.2125,0.3333333333333333,0.375,0.35294117647058826
MABirand,TFIDF_Word_2gram,MLP,0.5708333333333333,0.8571428571428571,0.75,0.8
MABirand,TFIDF_Word_2gram,NaiveBayes,0.5708333333333333,0.6666666666666666,0.75,0.7058823529411765
MABirand,TFIDF_Word_2gram,RandomForest,0.45,0.6666666666666666,0.5,0.5714285714285714
MABirand,TFIDF_Word_2gram,SVM,0.5333333333333333,1.0,0.75,0.8571428571428571
MABirand,TFIDF_Word_2gram,XGBoost,0.425,0.5555555555555556,0.625,0.5882352941176471
MABirand,TFIDF_Word_3gram,DecisionTree,0.16666666666666666,0.25,0.25,0.25
MABirand,TFIDF_Word_3gram,MLP,0.275,0.6,0.375,0.46153846153846156
MABirand,TFIDF_Word_3gram,NaiveBayes,0.30833333333333335,0.2727272727272727,0.375,0.3157894736842105
MABirand,TFIDF_Word_3gram,RandomForest,0.2625,0.6666666666666666,0.5,0.5714285714285714
MABirand,TFIDF_Word_3gram,SVM,0.3125,0.36363636363636365,0.5,0.42105263157894735
MABirand,TFIDF_Word_3gram,XGBoost,0.19166666666666668,1.0,0.25,0.4
MBaransu,BERT,DecisionTree,0.25416666666666665,0.3333333333333333,0.125,0.18181818181818182
MBaransu,BERT,MLP,0.6041666666666666,0.25,0.375,0.3
MBaransu,BERT,RandomForest,0.5083333333333333,0.3333333333333333,0.25,0.2857142857142857
MBaransu,BERT,SVM,0.4125,0.2,0.125,0.15384615384615385
MBaransu,BERT,XGBoost,0.4791666666666667,0.42857142857142855,0.375,0.4
MBaransu,TFIDF_Char_2gram,DecisionTree,0.6666666666666666,0.25,0.125,0.16666666666666666
MBaransu,TFIDF_Char_2gram,MLP,0.9083333333333333,1.0,0.75,0.8571428571428571
MBaransu,TFIDF_Char_2gram,NaiveBayes,0.6708333333333333,0.0,0.0,0.0
MBaransu,TFIDF_Char_2gram,RandomForest,0.8666666666666667,1.0,0.625,0.7692307692307693
MBaransu,TFIDF_Char_2gram,SVM,0.9,0.875,0.875,0.875
MBaransu,TFIDF_Char_2gram,XGBoost,0.8708333333333333,1.0,0.625,0.7692307692307693
MBaransu,TFIDF_Char_3gram,DecisionTree,0.5,0.18181818181818182,0.25,0.21052631578947367
MBaransu,TFIDF_Char_3gram,MLP,0.9083333333333333,1.0,0.875,0.9333333333333333
MBaransu,TFIDF_Char_3gram,NaiveBayes,0.6291666666666667,0.0,0.0,0.0
MBaransu,TFIDF_Char_3gram,RandomForest,0.8958333333333334,1.0,0.75,0.8571428571428571
MBaransu,TFIDF_Char_3gram,SVM,0.8958333333333334,0.7777777777777778,0.875,0.8235294117647058
MBaransu,TFIDF_Char_3gram,XGBoost,0.825,0.6666666666666666,0.5,0.5714285714285714
MBaransu,TFIDF_Word_2gram,DecisionTree,0.2125,0.23076923076923078,0.375,0.2857142857142857
MBaransu,TFIDF_Word_2gram,MLP,0.5708333333333333,0.7777777777777778,0.875,0.8235294117647058
MBaransu,TFIDF_Word_2gram,NaiveBayes,0.5708333333333333,0.6,0.75,0.6666666666666666
MBaransu,TFIDF_Word_2gram,RandomForest,0.45,0.6666666666666666,0.75,0.7058823529411765
MBaransu,TFIDF_Word_2gram,SVM,0.5333333333333333,0.6666666666666666,0.75,0.7058823529411765
MBaransu,TFIDF_Word_2gram,XGBoost,0.425,0.75,0.375,0.5
MBaransu,TFIDF_Word_3gram,DecisionTree,0.16666666666666666,0.4166666666666667,0.625,0.5
MBaransu,TFIDF_Word_3gram,MLP,0.275,0.8333333333333334,0.625,0.7142857142857143
MBaransu,TFIDF_Word_3gram,NaiveBayes,0.30833333333333335,0.4444444444444444,0.5,0.47058823529411764
MBaransu,TFIDF_Word_3gram,RandomForest,0.2625,0.75,0.375,0.5
MBaransu,TFIDF_Word_3gram,SVM,0.3125,1.0,0.5,0.6666666666666666
MBaransu,TFIDF_Word_3gram,XGBoost,0.19166666666666668,0.42857142857142855,0.375,0.4
MBarlas,BERT,DecisionTree,0.25416666666666665,0.4,0.5,0.4444444444444444
MBarlas,BERT,MLP,0.6041666666666666,0.4,0.75,0.5217391304347826
MBarlas,BERT,RandomForest,0.5083333333333333,0.3333333333333333,0.5,0.4
MBarlas,BERT,SVM,0.4125,0.5,0.375,0.42857142857142855
MBarlas,BERT,XGBoost,0.4791666666666667,0.14285714285714285,0.125,0.13333333333333333
MBarlas,TFIDF_Char_2gram,DecisionTree,0.6666666666666666,0.8571428571428571,0.75,0.8
MBarlas,TFIDF_Char_2gram,MLP,0.9083333333333333,1.0,0.875,0.9333333333333333
MBarlas,TFIDF_Char_2gram,NaiveBayes,0.6708333333333333,1.0,0.5,0.6666666666666666
MBarlas,TFIDF_Char_2gram,RandomForest,0.8666666666666667,1.0,1.0,1.0
MBarlas,TFIDF_Char_2gram,SVM,0.9,1.0,0.875,0.9333333333333333
MBarlas,TFIDF_Char_2gram,XGBoost,0.8708333333333333,0.875,0.875,0.875
MBarlas,TFIDF_Char_3gram,DecisionTree,0.5,0.5555555555555556,0.625,0.5882352941176471
MBarlas,TFIDF_Char_3gram,MLP,0.9083333333333333,1.0,1.0,1.0
MBarlas,TFIDF_Char_3gram,NaiveBayes,0.6291666666666667,1.0,0.5,0.6666666666666666
MBarlas,TFIDF_Char_3gram,RandomForest,0.8958333333333334,0.8,1.0,0.8888888888888888
MBarlas,TFIDF_Char_3gram,SVM,0.8958333333333334,0.875,0.875,0.875
MBarlas,TFIDF_Char_3gram,XGBoost,0.825,0.6666666666666666,0.75,0.7058823529411765
MBarlas,TFIDF_Word_2gram,DecisionTree,0.2125,0.25,0.125,0.16666666666666666
MBarlas,TFIDF_Word_2gram,MLP,0.5708333333333333,0.25,0.375,0.3
MBarlas,TFIDF_Word_2gram,NaiveBayes,0.5708333333333333,0.6,0.375,0.46153846153846156
MBarlas,TFIDF_Word_2gram,RandomForest,0.45,0.75,0.75,0.75
MBarlas,TFIDF_Word_2gram,SVM,0.5333333333333333,0.3,0.375,0.3333333333333333
MBarlas,TFIDF_Word_2gram,XGBoost,0.425,0.6,0.375,0.46153846153846156
MBarlas,TFIDF_Word_3gram,DecisionTree,0.16666666666666666,0.3333333333333333,0.25,0.2857142857142857
MBarlas,TFIDF_Word_3gram,MLP,0.275,0.5,0.25,0.3333333333333333
MBarlas,TFIDF_Word_3gram,NaiveBayes,0.30833333333333335,0.42857142857142855,0.375,0.4
MBarlas,TFIDF_Word_3gram,RandomForest,0.2625,0.2,0.125,0.15384615384615385
MBarlas,TFIDF_Word_3gram,SVM,0.3125,0.2727272727272727,0.375,0.3157894736842105
MBarlas,TFIDF_Word_3gram,XGBoost,0.19166666666666668,0.0,0.0,0.0
MNHazar,BERT,DecisionTree,0.25416666666666665,0.0625,0.125,0.08333333333333333
MNHazar,BERT,MLP,0.6041666666666666,0.5,0.375,0.42857142857142855
MNHazar,BERT,RandomForest,0.5083333333333333,0.5,0.25,0.3333333333333333
MNHazar,BERT,SVM,0.4125,0.6666666666666666,0.5,0.5714285714285714
MNHazar,BERT,XGBoost,0.4791666666666667,0.375,0.375,0.375
MNHazar,TFIDF_Char_2gram,DecisionTree,0.6666666666666666,0.5714285714285714,0.5,0.5333333333333333
MNHazar,TFIDF_Char_2gram,MLP,0.9083333333333333,0.7777777777777778,0.875,0.8235294117647058
MNHazar,TFIDF_Char_2gram,NaiveBayes,0.6708333333333333,1.0,0.875,0.9333333333333333
MNHazar,TFIDF_Char_2gram,RandomForest,0.8666666666666667,1.0,0.5,0.6666666666666666
MNHazar,TFIDF_Char_2gram,SVM,0.9,0.875,0.875,0.875
MNHazar,TFIDF_Char_2gram,XGBoost,0.8708333333333333,0.75,0.75,0.75
MNHazar,TFIDF_Char_3gram,DecisionTree,0.5,0.2222222222222222,0.25,0.23529411764705882
MNHazar,TFIDF_Char_3gram,MLP,0.9083333333333333,1.0,1.0,1.0
MNHazar,TFIDF_Char_3gram,NaiveBayes,0.6291666666666667,1.0,0.625,0.7692307692307693
MNHazar,TFIDF_Char_3gram,RandomForest,0.8958333333333334,1.0,0.875,0.9333333333333333
MNHazar,TFIDF_Char_3gram,SVM,0.8958333333333334,0.875,0.875,0.875
MNHazar,TFIDF_Char_3gram,XGBoost,0.825,1.0,0.875,0.9333333333333333
MNHazar,TFIDF_Word_2gram,DecisionTree,0.2125,0.0,0.0,0.0
MNHazar,TFIDF_Word_2gram,MLP,0.5708333333333333,0.8571428571428571,0.75,0.8
MNHazar,TFIDF_Word_2gram,NaiveBayes,0.5708333333333333,0.6,0.75,0.6666666666666666
MNHazar,TFIDF_Word_2gram,RandomForest,0.45,0.25,0.375,0.3
MNHazar,TFIDF_Word_2gram,SVM,0.5333333333333333,0.75,0.75,0.75
MNHazar,TFIDF_Word_2gram,XGBoost,0.425,0.3,0.375,0.3333333333333333
MNHazar,TFIDF_Word_3gram,DecisionTree,0.16666666666666666,0.09523809523809523,0.25,0.13793103448275862
MNHazar,TFIDF_Word_3gram,MLP,0.275,0.3333333333333333,0.25,0.2857142857142857
MNHazar,TFIDF_Word_3gram,NaiveBayes,0.30833333333333335,0.21428571428571427,0.375,0.2727272727272727
MNHazar,TFIDF_Word_3gram,RandomForest,0.2625,0.10526315789473684,0.25,0.14814814814814814
MNHazar,TFIDF_Word_3gram,SVM,0.3125,0.25,0.25,0.25
MNHazar,TFIDF_Word_3gram,XGBoost,0.19166666666666668,0.1,0.25,0.14285714285714285
MTonbekici,BERT,DecisionTree,0.25416666666666665,0.16666666666666666,0.25,0.2
MTonbekici,BERT,MLP,0.6041666666666666,0.5555555555555556,0.625,0.5882352941176471
MTonbekici,BERT,RandomForest,0.5083333333333333,0.6666666666666666,0.25,0.36363636363636365
MTonbekici,BERT,SVM,0.4125,0.25,0.125,0.16666666666666666
MTonbekici,BERT,XGBoost,0.4791666666666667,0.23076923076923078,0.375,0.2857142857142857
MTonbekici,TFIDF_Char_2gram,DecisionTree,0.6666666666666666,0.625,0.625,0.625
MTonbekici,TFIDF_Char_2gram,MLP,0.9083333333333333,0.7272727272727273,1.0,0.8421052631578947
MTonbekici,TFIDF_Char_2gram,NaiveBayes,0.6708333333333333,1.0,0.125,0.2222222222222222
MTonbekici,TFIDF_Char_2gram,RandomForest,0.8666666666666667,0.8888888888888888,1.0,0.9411764705882353
MTonbekici,TFIDF_Char_2gram,SVM,0.9,1.0,1.0,1.0
MTonbekici,TFIDF_Char_2gram,XGBoost,0.8708333333333333,0.8333333333333334,0.625,0.7142857142857143
MTonbekici,TFIDF_Char_3gram,DecisionTree,0.5,0.5,0.5,0.5
MTonbekici,TFIDF_Char_3gram,MLP,0.9083333333333333,0.8,1.0,0.8888888888888888
MTonbekici,TFIDF_Char_3gram,NaiveBayes,0.6291666666666667,1.0,0.25,0.4
MTonbekici,TFIDF_Char_3gram,RandomForest,0.8958333333333334,1.0,1.0,1.0
MTonbekici,TFIDF_Char_3gram,SVM,0.8958333333333334,0.8888888888888888,1.0,0.9411764705882353
MTonbekici,TFIDF_Char_3gram,XGBoost,0.825,1.0,0.875,0.9333333333333333
MTonbekici,TFIDF_Word_2gram,DecisionTree,0.2125,0.18181818181818182,0.25,0.21052631578947367
MTonbekici,TFIDF_Word_2gram,MLP,0.5708333333333333,0.6666666666666666,0.25,0.36363636363636365
MTonbekici,TFIDF_Word_2gram,NaiveBayes,0.5708333333333333,0.8333333333333334,0.625,0.7142857142857143
MTonbekici,TFIDF_Word_2gram,RandomForest,0.45,0.5,0.5,0.5
MTonbekici,TFIDF_Word_2gram,SVM,0.5333333333333333,0.6666666666666666,0.5,0.5714285714285714
MTonbekici,TFIDF_Word_2gram,XGBoost,0.425,0.2727272727272727,0.375,0.3157894736842105
MTonbekici,TFIDF_Word_3gram,DecisionTree,0.16666666666666666,0.0,0.0,0.0
MTonbekici,TFIDF_Word_3gram,MLP,0.275,0.0,0.0,0.0
MTonbekici,TFIDF_Word_3gram,NaiveBayes,0.30833333333333335,0.1111111111111111,0.125,0.11764705882352941
MTonbekici,TFIDF_Word_3gram,RandomForest,0.2625,0.0,0.0,0.0
MTonbekici,TFIDF_Word_3gram,SVM,0.3125,0.0,0.0,0.0
MTonbekici,TFIDF_Word_3gram,XGBoost,0.19166666666666668,0.1,0.125,0.1111111111111111
NBKaraca,BERT,DecisionTree,0.25416666666666665,0.0,0.0,0.0
NBKaraca,BERT,MLP,0.6041666666666666,0.5,0.375,0.42857142857142855
NBKaraca,BERT,RandomForest,0.5083333333333333,0.4,0.25,0.3076923076923077
NBKaraca,BERT,SVM,0.4125,1.0,0.125,0.2222222222222222
NBKaraca,BERT,XGBoost,0.4791666666666667,0.25,0.25,0.25
NBKaraca,TFIDF_Char_2gram,DecisionTree,0.6666666666666666,0.2727272727272727,0.375,0.3157894736842105
NBKaraca,TFIDF_Char_2gram,MLP,0.9083333333333333,0.6666666666666666,0.75,0.7058823529411765
NBKaraca,TFIDF_Char_2gram,NaiveBayes,0.6708333333333333,0.4,0.5,0.4444444444444444
NBKaraca,TFIDF_Char_2gram,RandomForest,0.8666666666666667,0.6,0.375,0.46153846153846156
NBKaraca,TFIDF_Char_2gram,SVM,0.9,0.6666666666666666,0.5,0.5714285714285714
NBKaraca,TFIDF_Char_2gram,XGBoost,0.8708333333333333,0.625,0.625,0.625
NBKaraca,TFIDF_Char_3gram,DecisionTree,0.5,1.0,0.25,0.4
NBKaraca,TFIDF_Char_3gram,MLP,0.9083333333333333,0.7142857142857143,0.625,0.6666666666666666
NBKaraca,TFIDF_Char_3gram,NaiveBayes,0.6291666666666667,0.5,0.375,0.42857142857142855
NBKaraca,TFIDF_Char_3gram,RandomForest,0.8958333333333334,1.0,0.375,0.5454545454545454
NBKaraca,TFIDF_Char_3gram,SVM,0.8958333333333334,0.625,0.625,0.625
NBKaraca,TFIDF_Char_3gram,XGBoost,0.825,0.8333333333333334,0.625,0.7142857142857143
NBKaraca,TFIDF_Word_2gram,DecisionTree,0.2125,0.0,0.0,0.0
NBKaraca,TFIDF_Word_2gram,MLP,0.5708333333333333,0.16666666666666666,0.125,0.14285714285714285
NBKaraca,TFIDF_Word_2gram,NaiveBayes,0.5708333333333333,0.2,0.125,0.15384615384615385
NBKaraca,TFIDF_Word_2gram,RandomForest,0.45,0.0,0.0,0.0
NBKaraca,TFIDF_Word_2gram,SVM,0.5333333333333333,0.0,0.0,0.0
NBKaraca,TFIDF_Word_2gram,XGBoost,0.425,0.2222222222222222,0.25,0.23529411764705882
NBKaraca,TFIDF_Word_3gram,DecisionTree,0.16666666666666666,0.0,0.0,0.0
NBKaraca,TFIDF_Word_3gram,MLP,0.275,0.2,0.125,0.15384615384615385
NBKaraca,TFIDF_Word_3gram,NaiveBayes,0.30833333333333335,0.125,0.125,0.125
NBKaraca,TFIDF_Word_3gram,RandomForest,0.2625,0.0,0.0,0.0
NBKaraca,TFIDF_Word_3gram,SVM,0.3125,0.125,0.125,0.125
NBKaraca,TFIDF_Word_3gram,XGBoost,0.19166666666666668,0.0,0.0,0.0
NIlicak,BERT,DecisionTree,0.25416666666666665,0.2222222222222222,0.25,0.23529411764705882
NIlicak,BERT,MLP,0.6041666666666666,0.45454545454545453,0.625,0.5263157894736842
NIlicak,BERT,RandomForest,0.5083333333333333,0.36363636363636365,0.5,0.42105263157894735
NIlicak,BERT,SVM,0.4125,0.3333333333333333,0.375,0.35294117647058826
NIlicak,BERT,XGBoost,0.4791666666666667,0.6,0.75,0.6666666666666666
NIlicak,TFIDF_Char_2gram,DecisionTree,0.6666666666666666,0.2222222222222222,0.25,0.23529411764705882
NIlicak,TFIDF_Char_2gram,MLP,0.9083333333333333,1.0,0.625,0.7692307692307693
NIlicak,TFIDF_Char_2gram,NaiveBayes,0.6708333333333333,0.0,0.0,0.0
NIlicak,TFIDF_Char_2gram,RandomForest,0.8666666666666667,0.6666666666666666,0.25,0.36363636363636365
NIlicak,TFIDF_Char_2gram,SVM,0.9,1.0,0.75,0.8571428571428571
NIlicak,TFIDF_Char_2gram,XGBoost,0.8708333333333333,0.75,0.375,0.5
NIlicak,TFIDF_Char_3gram,DecisionTree,0.5,0.14285714285714285,0.125,0.13333333333333333
NIlicak,TFIDF_Char_3gram,MLP,0.9083333333333333,1.0,0.625,0.7692307692307693
NIlicak,TFIDF_Char_3gram,NaiveBayes,0.6291666666666667,0.0,0.0,0.0
NIlicak,TFIDF_Char_3gram,RandomForest,0.8958333333333334,0.8888888888888888,1.0,0.9411764705882353
NIlicak,TFIDF_Char_3gram,SVM,0.8958333333333334,1.0,0.875,0.9333333333333333
NIlicak,TFIDF_Char_3gram,XGBoost,0.825,1.0,0.375,0.5454545454545454
NIlicak,TFIDF_Word_2gram,DecisionTree,0.2125,0.0,0.0,0.0
NIlicak,TFIDF_Word_2gram,MLP,0.5708333333333333,0.6,0.375,0.46153846153846156
NIlicak,TFIDF_Word_2gram,NaiveBayes,0.5708333333333333,0.0,0.0,0.0
NIlicak,TFIDF_Word_2gram,RandomForest,0.45,0.0,0.0,0.0
NIlicak,TFIDF_Word_2gram,SVM,0.5333333333333333,0.6666666666666666,0.25,0.36363636363636365
NIlicak,TFIDF_Word_2gram,XGBoost,0.425,0.3333333333333333,0.25,0.2857142857142857
NIlicak,TFIDF_Word_3gram,DecisionTree,0.16666666666666666,0.0,0.0,0.0
NIlicak,TFIDF_Word_3gram,MLP,0.275,0.0,0.0,0.0
NIlicak,TFIDF_Word_3gram,NaiveBayes,0.30833333333333335,0.0,0.0,0.0
NIlicak,TFIDF_Word_3gram,RandomForest,0.2625,0.0,0.0,0.0
NIlicak,TFIDF_Word_3gram,SVM,0.3125,0.0,0.0,0.0
NIlicak,TFIDF_Word_3gram,XGBoost,0.19166666666666668,0.2,0.125,0.15384615384615385
PMagden,BERT,DecisionTree,0.25416666666666665,1.0,0.375,0.5454545454545454
PMagden,BERT,MLP,0.6041666666666666,0.8571428571428571,0.75,0.8
PMagden,BERT,RandomForest,0.5083333333333333,0.8571428571428571,0.75,0.8
PMagden,BERT,SVM,0.4125,1.0,0.75,0.8571428571428571
PMagden,BERT,XGBoost,0.4791666666666667,0.8333333333333334,0.625,0.7142857142857143
PMagden,TFIDF_Char_2gram,DecisionTree,0.6666666666666666,0.875,0.875,0.875
PMagden,TFIDF_Char_2gram,MLP,0.9083333333333333,1.0,0.875,0.9333333333333333
PMagden,TFIDF_Char_2gram,NaiveBayes,0.6708333333333333,1.0,0.75,0.8571428571428571
PMagden,TFIDF_Char_2gram,RandomForest,0.8666666666666667,0.875,0.875,0.875
PMagden,TFIDF_Char_2gram,SVM,0.9,1.0,0.75,0.8571428571428571
PMagden,TFIDF_Char_2gram,XGBoost,0.8708333333333333,1.0,1.0,1.0
PMagden,TFIDF_Char_3gram,DecisionTree,0.5,0.6666666666666666,0.25,0.36363636363636365
PMagden,TFIDF_Char_3gram,MLP,0.9083333333333333,0.875,0.875,0.875
PMagden,TFIDF_Char_3gram,NaiveBayes,0.6291666666666667,0.875,0.875,0.875
PMagden,TFIDF_Char_3gram,RandomForest,0.8958333333333334,1.0,0.875,0.9333333333333333
PMagden,TFIDF_Char_3gram,SVM,0.8958333333333334,1.0,0.875,0.9333333333333333
PMagden,TFIDF_Char_3gram,XGBoost,0.825,0.8,1.0,0.8888888888888888
PMagden,TFIDF_Word_2gram,DecisionTree,0.2125,0.2857142857142857,0.25,0.26666666666666666
PMagden,TFIDF_Word_2gram,MLP,0.5708333333333333,0.7777777777777778,0.875,0.8235294117647058
PMagden,TFIDF_Word_2gram,NaiveBayes,0.5708333333333333,0.7777777777777778,0.875,0.8235294117647058
PMagden,TFIDF_Word_2gram,RandomForest,0.45,0.75,0.75,0.75
PMagden,TFIDF_Word_2gram,SVM,0.5333333333333333,0.7,0.875,0.7777777777777778
PMagden,TFIDF_Word_2gram,XGBoost,0.425,0.7777777777777778,0.875,0.8235294117647058
PMagden,TFIDF_Word_3gram,DecisionTree,0.16666666666666666,0.2857142857142857,0.25,0.26666666666666666
PMagden,TFIDF_Word_3gram,MLP,0.275,0.375,0.375,0.375
PMagden,TFIDF_Word_3gram,NaiveBayes,0.30833333333333335,0.45454545454545453,0.625,0.5263157894736842
PMagden,TFIDF_Word_3gram,RandomForest,0.2625,0.375,0.375,0.375
PMagden,TFIDF_Word_3gram,SVM,0.3125,0.5555555555555556,0.625,0.5882352941176471
PMagden,TFIDF_Word_3gram,XGBoost,0.19166666666666668,0.4,0.25,0.3076923076923077
RMengi,BERT,DecisionTree,0.25416666666666665,0.1111111111111111,0.125,0.11764705882352941
RMengi,BERT,MLP,0.6041666666666666,0.8333333333333334,0.625,0.7142857142857143
RMengi,BERT,RandomForest,0.5083333333333333,0.8333333333333334,0.625,0.7142857142857143
RMengi,BERT,SVM,0.4125,0.2,0.125,0.15384615384615385
RMengi,BERT,XGBoost,0.4791666666666667,0.6666666666666666,0.5,0.5714285714285714
RMengi,TFIDF_Char_2gram,DecisionTree,0.6666666666666666,0.4,0.25,0.3076923076923077
RMengi,TFIDF_Char_2gram,MLP,0.9083333333333333,0.8,1.0,0.8888888888888888
RMengi,TFIDF_Char_2gram,NaiveBayes,0.6708333333333333,0.3333333333333333,1.0,0.5
RMengi,TFIDF_Char_2gram,RandomForest,0.8666666666666667,0.7777777777777778,0.875,0.8235294117647058
RMengi,TFIDF_Char_2gram,SVM,0.9,0.8888888888888888,1.0,0.9411764705882353
RMengi,TFIDF_Char_2gram,XGBoost,0.8708333333333333,1.0,0.75,0.8571428571428571
RMengi,TFIDF_Char_3gram,DecisionTree,0.5,0.875,0.875,0.875
RMengi,TFIDF_Char_3gram,MLP,0.9083333333333333,1.0,1.0,1.0
RMengi,TFIDF_Char_3gram,NaiveBayes,0.6291666666666667,0.34782608695652173,1.0,0.5161290322580645
RMengi,TFIDF_Char_3gram,RandomForest,0.8958333333333334,1.0,0.875,0.9333333333333333
RMengi,TFIDF_Char_3gram,SVM,0.8958333333333334,1.0,1.0,1.0
RMengi,TFIDF_Char_3gram,XGBoost,0.825,1.0,0.875,0.9333333333333333
RMengi,TFIDF_Word_2gram,DecisionTree,0.2125,0.2,0.125,0.15384615384615385
RMengi,TFIDF_Word_2gram,MLP,0.5708333333333333,0.7142857142857143,0.625,0.6666666666666666
RMengi,TFIDF_Word_2gram,NaiveBayes,0.5708333333333333,0.6,0.75,0.6666666666666666
RMengi,TFIDF_Word_2gram,RandomForest,0.45,0.6666666666666666,0.25,0.36363636363636365
RMengi,TFIDF_Word_2gram,SVM,0.5333333333333333,0.6666666666666666,0.5,0.5714285714285714
RMengi,TFIDF_Word_2gram,XGBoost,0.425,1.0,0.125,0.2222222222222222
RMengi,TFIDF_Word_3gram,DecisionTree,0.16666666666666666,0.3333333333333333,0.125,0.18181818181818182
RMengi,TFIDF_Word_3gram,MLP,0.275,0.5,0.25,0.3333333333333333
RMengi,TFIDF_Word_3gram,NaiveBayes,0.30833333333333335,0.25,0.25,0.25
RMengi,TFIDF_Word_3gram,RandomForest,0.2625,0.6666666666666666,0.25,0.36363636363636365
RMengi,TFIDF_Word_3gram,SVM,0.3125,0.2857142857142857,0.25,0.26666666666666666
RMengi,TFIDF_Word_3gram,XGBoost,0.19166666666666668,0.4,0.25,0.3076923076923077
SOzisik,BERT,DecisionTree,0.25416666666666665,0.2,0.125,0.15384615384615385
SOzisik,BERT,MLP,0.6041666666666666,0.8,1.0,0.8888888888888888
SOzisik,BERT,RandomForest,0.5083333333333333,0.36363636363636365,0.5,0.42105263157894735
SOzisik,BERT,SVM,0.4125,0.5833333333333334,0.875,0.7
SOzisik,BERT,XGBoost,0.4791666666666667,0.8,1.0,0.8888888888888888
SOzisik,TFIDF_Char_2gram,DecisionTree,0.6666666666666666,1.0,0.625,0.7692307692307693
SOzisik,TFIDF_Char_2gram,MLP,0.9083333333333333,0.8888888888888888,1.0,0.9411764705882353
SOzisik,TFIDF_Char_2gram,NaiveBayes,0.6708333333333333,0.7272727272727273,1.0,0.8421052631578947
SOzisik,TFIDF_Char_2gram,RandomForest,0.8666666666666667,1.0,1.0,1.0
SOzisik,TFIDF_Char_2gram,SVM,0.9,0.8888888888888888,1.0,0.9411764705882353
SOzisik,TFIDF_Char_2gram,XGBoost,0.8708333333333333,0.8888888888888888,1.0,0.9411764705882353
SOzisik,TFIDF_Char_3gram,DecisionTree,0.5,0.7777777777777778,0.875,0.8235294117647058
SOzisik,TFIDF_Char_3gram,MLP,0.9083333333333333,0.8,1.0,0.8888888888888888
SOzisik,TFIDF_Char_3gram,NaiveBayes,0.6291666666666667,0.5333333333333333,1.0,0.6956521739130435
SOzisik,TFIDF_Char_3gram,RandomForest,0.8958333333333334,0.8,1.0,0.8888888888888888
SOzisik,TFIDF_Char_3gram,SVM,0.8958333333333334,1.0,1.0,1.0
SOzisik,TFIDF_Char_3gram,XGBoost,0.825,0.8888888888888888,1.0,0.9411764705882353
SOzisik,TFIDF_Word_2gram,DecisionTree,0.2125,0.5,0.25,0.3333333333333333
SOzisik,TFIDF_Word_2gram,MLP,0.5708333333333333,0.4444444444444444,0.5,0.47058823529411764
SOzisik,TFIDF_Word_2gram,NaiveBayes,0.5708333333333333,0.75,0.75,0.75
SOzisik,TFIDF_Word_2gram,RandomForest,0.45,0.3333333333333333,0.25,0.2857142857142857
SOzisik,TFIDF_Word_2gram,SVM,0.5333333333333333,0.6,0.75,0.6666666666666666
SOzisik,TFIDF_Word_2gram,XGBoost,0.425,0.6666666666666666,0.25,0.36363636363636365
SOzisik,TFIDF_Word_3gram,DecisionTree,0.16666666666666666,0.25,0.125,0.16666666666666666
SOzisik,TFIDF_Word_3gram,MLP,0.275,1.0,0.125,0.2222222222222222
SOzisik,TFIDF_Word_3gram,NaiveBayes,0.30833333333333335,0.6666666666666666,0.25,0.36363636363636365
SOzisik,TFIDF_Word_3gram,RandomForest,0.2625,0.25,0.125,0.16666666666666666
SOzisik,TFIDF_Word_3gram,SVM,0.3125,0.23076923076923078,0.375,0.2857142857142857
SOzisik,TFIDF_Word_3gram,XGBoost,0.19166666666666668,0.25,0.125,0.16666666666666666
TAkyol,BERT,DecisionTree,0.25416666666666665,0.0,0.0,0.0
TAkyol,BERT,MLP,0.6041666666666666,0.6666666666666666,0.5,0.5714285714285714
TAkyol,BERT,RandomForest,0.5083333333333333,0.4,0.25,0.3076923076923077
TAkyol,BERT,SVM,0.4125,0.14285714285714285,0.125,0.13333333333333333
TAkyol,BERT,XGBoost,0.4791666666666667,0.2857142857142857,0.25,0.26666666666666666
TAkyol,TFIDF_Char_2gram,DecisionTree,0.6666666666666666,0.5384615384615384,0.875,0.6666666666666666
TAkyol,TFIDF_Char_2gram,MLP,0.9083333333333333,1.0,1.0,1.0
TAkyol,TFIDF_Char_2gram,NaiveBayes,0.6708333333333333,1.0,0.5,0.6666666666666666
TAkyol,TFIDF_Char_2gram,RandomForest,0.8666666666666667,0.8,1.0,0.8888888888888888
TAkyol,TFIDF_Char_2gram,SVM,0.9,1.0,1.0,1.0
TAkyol,TFIDF_Char_2gram,XGBoost,0.8708333333333333,0.8,1.0,0.8888888888888888
TAkyol,TFIDF_Char_3gram,DecisionTree,0.5,0.25,0.25,0.25
TAkyol,TFIDF_Char_3gram,MLP,0.9083333333333333,0.8,1.0,0.8888888888888888
TAkyol,TFIDF_Char_3gram,NaiveBayes,0.6291666666666667,1.0,0.125,0.2222222222222222
TAkyol,TFIDF_Char_3gram,RandomForest,0.8958333333333334,0.8333333333333334,0.625,0.7142857142857143
TAkyol,TFIDF_Char_3gram,SVM,0.8958333333333334,0.875,0.875,0.875
TAkyol,TFIDF_Char_3gram,XGBoost,0.825,0.75,0.75,0.75
TAkyol,TFIDF_Word_2gram,DecisionTree,0.2125,0.11764705882352941,0.25,0.16
TAkyol,TFIDF_Word_2gram,MLP,0.5708333333333333,0.5555555555555556,0.625,0.5882352941176471
TAkyol,TFIDF_Word_2gram,NaiveBayes,0.5708333333333333,0.6,0.375,0.46153846153846156
TAkyol,TFIDF_Word_2gram,RandomForest,0.45,0.5,0.125,0.2
TAkyol,TFIDF_Word_2gram,SVM,0.5333333333333333,0.25,0.125,0.16666666666666666
TAkyol,TFIDF_Word_2gram,XGBoost,0.425,0.25,0.25,0.25
TAkyol,TFIDF_Word_3gram,DecisionTree,0.16666666666666666,0.125,0.125,0.125
TAkyol,TFIDF_Word_3gram,MLP,0.275,0.2857142857142857,0.25,0.26666666666666666
TAkyol,TFIDF_Word_3gram,NaiveBayes,0.30833333333333335,0.2857142857142857,0.25,0.26666666666666666
TAkyol,TFIDF_Word_3gram,RandomForest,0.2625,0.4,0.25,0.3076923076923077
TAkyol,TFIDF_Word_3gram,SVM,0.3125,0.3333333333333333,0.25,0.2857142857142857
TAkyol,TFIDF_Word_3gram,XGBoost,0.19166666666666668,0.0,0.0,0.0
YCongar,BERT,DecisionTree,0.25416666666666665,0.2,0.25,0.2222222222222222
YCongar,BERT,MLP,0.6041666666666666,0.5,0.5,0.5
YCongar,BERT,RandomForest,0.5083333333333333,0.6,0.375,0.46153846153846156
YCongar,BERT,SVM,0.4125,0.3333333333333333,0.125,0.18181818181818182
YCongar,BERT,XGBoost,0.4791666666666667,0.2727272727272727,0.375,0.3157894736842105
YCongar,TFIDF_Char_2gram,DecisionTree,0.6666666666666666,0.6666666666666666,0.75,0.7058823529411765
YCongar,TFIDF_Char_2gram,MLP,0.9083333333333333,1.0,0.75,0.8571428571428571
YCongar,TFIDF_Char_2gram,NaiveBayes,0.6708333333333333,0.8333333333333334,0.625,0.7142857142857143
YCongar,TFIDF_Char_2gram,RandomForest,0.8666666666666667,0.875,0.875,0.875
YCongar,TFIDF_Char_2gram,SVM,0.9,0.8571428571428571,0.75,0.8
YCongar,TFIDF_Char_2gram,XGBoost,0.8708333333333333,0.875,0.875,0.875
YCongar,TFIDF_Char_3gram,DecisionTree,0.5,0.25,0.25,0.25
YCongar,TFIDF_Char_3gram,MLP,0.9083333333333333,1.0,0.625,0.7692307692307693
YCongar,TFIDF_Char_3gram,NaiveBayes,0.6291666666666667,0.3333333333333333,0.75,0.46153846153846156
YCongar,TFIDF_Char_3gram,RandomForest,0.8958333333333334,1.0,0.75,0.8571428571428571
YCongar,TFIDF_Char_3gram,SVM,0.8958333333333334,1.0,0.5,0.6666666666666666
YCongar,TFIDF_Char_3gram,XGBoost,0.825,1.0,0.5,0.6666666666666666
YCongar,TFIDF_Word_2gram,DecisionTree,0.2125,0.3333333333333333,0.25,0.2857142857142857
YCongar,TFIDF_Word_2gram,MLP,0.5708333333333333,1.0,0.5,0.6666666666666666
YCongar,TFIDF_Word_2gram,NaiveBayes,0.5708333333333333,0.7142857142857143,0.625,0.6666666666666666
YCongar,TFIDF_Word_2gram,RandomForest,0.45,1.0,0.5,0.6666666666666666
YCongar,TFIDF_Word_2gram,SVM,0.5333333333333333,1.0,0.5,0.6666666666666666
YCongar,TFIDF_Word_2gram,XGBoost,0.425,0.75,0.375,0.5
YCongar,TFIDF_Word_3gram,DecisionTree,0.16666666666666666,0.5,0.375,0.42857142857142855
YCongar,TFIDF_Word_3gram,MLP,0.275,0.8,0.5,0.6153846153846154
YCongar,TFIDF_Word_3gram,NaiveBayes,0.30833333333333335,0.4,0.5,0.4444444444444444
YCongar,TFIDF_Word_3gram,RandomForest,0.2625,1.0,0.5,0.6666666666666666
YCongar,TFIDF_Word_3gram,SVM,0.3125,0.8,0.5,0.6153846153846154
YCongar,TFIDF_Word_3gram,XGBoost,0.19166666666666668,1.0,0.25,0.4
YOzdil,BERT,DecisionTree,0.25416666666666665,0.4,0.5,0.4444444444444444
YOzdil,BERT,MLP,0.6041666666666666,1.0,0.75,0.8571428571428571
YOzdil,BERT,RandomForest,0.5083333333333333,1.0,0.5,0.6666666666666666
YOzdil,BERT,SVM,0.4125,1.0,0.5,0.6666666666666666
YOzdil,BERT,XGBoost,0.4791666666666667,0.6666666666666666,0.75,0.7058823529411765
YOzdil,TFIDF_Char_2gram,DecisionTree,0.6666666666666666,0.7142857142857143,0.625,0.6666666666666666
YOzdil,TFIDF_Char_2gram,MLP,0.9083333333333333,1.0,1.0,1.0
YOzdil,TFIDF_Char_2gram,NaiveBayes,0.6708333333333333,0.0,0.0,0.0
YOzdil,TFIDF_Char_2gram,RandomForest,0.8666666666666667,1.0,0.875,0.9333333333333333
YOzdil,TFIDF_Char_2gram,SVM,0.9,1.0,1.0,1.0
YOzdil,TFIDF_Char_2gram,XGBoost,0.8708333333333333,1.0,1.0,1.0
YOzdil,TFIDF_Char_3gram,DecisionTree,0.5,0.8,0.5,0.6153846153846154
YOzdil,TFIDF_Char_3gram,MLP,0.9083333333333333,1.0,1.0,1.0
YOzdil,TFIDF_Char_3gram,NaiveBayes,0.6291666666666667,1.0,0.375,0.5454545454545454
YOzdil,TFIDF_Char_3gram,RandomForest,0.8958333333333334,1.0,0.875,0.9333333333333333
YOzdil,TFIDF_Char_3gram,SVM,0.8958333333333334,0.8,1.0,0.8888888888888888
YOzdil,TFIDF_Char_3gram,XGBoost,0.825,0.7777777777777778,0.875,0.8235294117647058
YOzdil,TFIDF_Word_2gram,DecisionTree,0.2125,0.36363636363636365,0.5,0.42105263157894735
YOzdil,TFIDF_Word_2gram,MLP,0.5708333333333333,0.3333333333333333,0.5,0.4
YOzdil,TFIDF_Word_2gram,NaiveBayes,0.5708333333333333,1.0,0.375,0.5454545454545454
YOzdil,TFIDF_Word_2gram,RandomForest,0.45,0.2222222222222222,1.0,0.36363636363636365
YOzdil,TFIDF_Word_2gram,SVM,0.5333333333333333,0.625,0.625,0.625
YOzdil,TFIDF_Word_2gram,XGBoost,0.425,0.36363636363636365,1.0,0.5333333333333333
YOzdil,TFIDF_Word_3gram,DecisionTree,0.16666666666666666,0.06349206349206349,0.5,0.11267605633802817
YOzdil,TFIDF_Word_3gram,MLP,0.275,0.06557377049180328,0.5,0.11594202898550725
YOzdil,TFIDF_Word_3gram,NaiveBayes,0.30833333333333335,0.6666666666666666,0.25,0.36363636363636365
YOzdil,TFIDF_Word_3gram,RandomForest,0.2625,0.09411764705882353,1.0,0.17204301075268819
YOzdil,TFIDF_Word_3gram,SVM,0.3125,0.375,0.375,0.375
YOzdil,TFIDF_Word_3gram,XGBoost,0.19166666666666668,1.0,0.125,0.2222222222222222
